Carrera                              ,Puntaje_Minimo ,Cupos ,Año-Periodo
Administración_de_Empresas           ,      647.0439 ,   63 ,     2013.6
Antropología                         ,      651.2610 ,   41 ,     2013.6
Arquitectura                         ,      681.6122 ,   70 ,     2013.6
Biología                             ,      667.6719 ,   48 ,     2013.6
Ciencia_Política                     ,      635.4665 ,   69 ,     2013.6
Contaduría_Pública                   ,      635.1876 ,   54 ,     2013.6
Derecho                              ,      662.2048 ,   69 ,     2013.6
Diseño_Industrial                    ,      673.4618 ,   46 ,     2013.6
Economía                             ,      646.7871 ,  107 ,     2013.6
Enfermería                           ,      626.1738 ,   65 ,     2013.6
Español_Y_Filología_Clásica          ,      616.0371 ,   38 ,     2013.6
Estadística                          ,      637.4112 ,   53 ,     2013.6
Estudios_Literarios                  ,      638.2722 ,   37 ,     2013.6
Farmacia                             ,      649.9181 ,   67 ,     2013.6
Filología_e_Idiomas:_Alemán          ,      632.3257 ,   22 ,     2013.6
Filología_e_Idiomas:_Francés         ,      631.3155 ,   21 ,     2013.6
Filología_e_Idiomas:_Inglés          ,      638.0202 ,   42 ,     2013.6
Filosofía                            ,      628.9721 ,   39 ,     2013.6
Física                               ,      652.9659 ,   62 ,     2013.6
Fisioterapia                         ,      629.2461 ,   37 ,     2013.6
Geografía                            ,      624.5887 ,   35 ,     2013.6
Geología                             ,      730.1771 ,   42 ,     2013.6
Ingeniería_Agrícola                  ,      632.9592 ,   61 ,     2013.6
Ingeniería_Agronómica                ,      633.9475 ,   74 ,     2013.6
Ingeniería_Civil                     ,      681.1890 ,  104 ,     2013.6
Ingeniería_de_Sistemas_y_Computación ,      659.9544 ,   78 ,     2013.6
Ingeniería_Eléctrica                 ,      664.4504 ,   56 ,     2013.6
Ingeniería_Electrónica               ,      689.3859 ,   54 ,     2013.6
Ingeniería_Industrial                ,      714.9868 ,   44 ,     2013.6
Ingeniería_Mecánica                  ,      678.8775 ,   75 ,     2013.6
Ingeniería_Mecatrónica               ,      735.5756 ,   55 ,     2013.6
Ingeniería_Química                   ,      676.0865 ,  112 ,     2013.6
Lingüística                          ,      611.4458 ,   35 ,     2013.6
Matemáticas                          ,      652.1807 ,   41 ,     2013.6
Medicina                             ,      734.9494 ,  117 ,     2013.6
Medicina_Veterinaria                 ,      644.7739 ,   48 ,     2013.6
Nutrición_Y_Dietética                ,      627.1816 ,   41 ,     2013.6
Odontología                          ,      635.9019 ,   38 ,     2013.6
Psicología                           ,      647.5625 ,   78 ,     2013.6
Química                              ,      659.1521 ,   49 ,     2013.6
Sociología                           ,      633.8203 ,   50 ,     2013.6
Trabajo_Social                       ,      625.3812 ,   37 ,     2013.6
Zootecnia                            ,      620.7312 ,   39 ,     2013.6
Artes_Plásticas                      ,      590.9652 ,   26 ,     2013.6
Cine_Y_Televisión                    ,      623.3610 ,   25 ,     2013.6
Diseño_Gráfico                       ,      628.6911 ,   28 ,     2013.6

Administración_de_Empresas           ,      687.1057 ,   63 ,     2014.1
Antropología                         ,      673.5400 ,   42 ,     2014.1
Arquitectura                         ,      700.0368 ,   68 ,     2014.1
Biología                             ,      698.1085 ,   53 ,     2014.1
Ciencia_Política                     ,      657.8862 ,   74 ,     2014.1
Contaduría_Pública                   ,      656.6374 ,   60 ,     2014.1
Derecho                              ,      688.1520 ,   74 ,     2014.1
Diseño_Industrial                    ,      694.6187 ,   48 ,     2014.1
Economía                             ,      694.1394 ,   78 ,     2014.1
Enfermería                           ,      661.5651 ,   40 ,     2014.1
Español_Y_Filología_Clásica          ,      648.5012 ,   43 ,     2014.1
Estadística                          ,      655.5462 ,   55 ,     2014.1
Estudios_Literarios                  ,      727.7082 ,   15 ,     2014.1
Farmacia                             ,      674.6470 ,   68 ,     2014.1
Filología_e_Idiomas:_Alemán          ,      651.9100 ,   20 ,     2014.1
Filología_e_Idiomas:_Francés         ,      654.1736 ,   20 ,     2014.1
Filología_e_Idiomas:_Inglés          ,      668.2816 ,   40 ,     2014.1
Filosofía                            ,      650.6995 ,   43 ,     2014.1
Física                               ,      713.1660 ,   64 ,     2014.1
Fonoaudiología                       ,      640.7407 ,   42 ,     2014.1
Geografía                            ,      651.6963 ,   27 ,     2014.1
Geología                             ,      752.0855 ,   32 ,     2014.1
Historia                             ,      651.3295 ,   53 ,     2014.1
Ingeniería_Agrícola                  ,      654.3086 ,   64 ,     2014.1
Ingeniería_Agronómica                ,      650.2787 ,   80 ,     2014.1
Ingeniería_Civil                     ,      713.5508 ,  104 ,     2014.1
Ingeniería_de_Sistemas_y_Computación ,      700.1493 ,   84 ,     2014.1
Ingeniería_Eléctrica                 ,      700.4508 ,   62 ,     2014.1
Ingeniería_Electrónica               ,      720.3325 ,   63 ,     2014.1
Ingeniería_Industrial                ,      739.4536 ,   40 ,     2014.1
Ingeniería_Mecánica                  ,      721.8063 ,   72 ,     2014.1
Ingeniería_Mecatrónica               ,      775.0362 ,   49 ,     2014.1
Ingeniería_Química                   ,      704.5595 ,  121 ,     2014.1
Lingüística                          ,      640.4819 ,   43 ,     2014.1
Matemáticas                          ,      698.7205 ,   42 ,     2014.1
Medicina                             ,      749.8422 ,  121 ,     2014.1
Medicina_Veterinaria                 ,      664.8525 ,   48 ,     2014.1
Nutrición_Y_Dietética                ,      650.0200 ,   38 ,     2014.1
Odontología                          ,      650.2540 ,   45 ,     2014.1
Psicología                           ,      670.5451 ,   72 ,     2014.1
Química                              ,      683.2558 ,   63 ,     2014.1
Sociología                           ,      655.1209 ,   54 ,     2014.1
Terapia_Ocupacional                  ,      637.6896 ,   43 ,     2014.1
Trabajo_Social                       ,      644.1090 ,   43 ,     2014.1
Zootecnia                            ,      648.8747 ,   48 ,     2014.1
Artes_Plásticas                      ,      598.2112 ,   30 ,     2014.1
Cine_Y_Televisión                    ,      616.8080 ,   28 ,     2014.1
Diseño_Gráfico                       ,      638.0300 ,   28 ,     2014.1
Administración_de_Empresas           ,      654.7197 ,   73 ,     2014.6
Antropología                         ,      650.6982 ,   45 ,     2014.6
Arquitectura                         ,      663.5340 ,   70 ,     2014.6
Biología                             ,      661.2685 ,   58 ,     2014.6
Ciencia_Política                     ,      650.3642 ,   84 ,     2014.6
Contaduría_Pública                   ,      652.9383 ,   63 ,     2014.6
Derecho                              ,      653.3252 ,   81 ,     2014.6
Diseño_Gráfico                       ,      683.9402 ,   30 ,     2014.6
Diseño_Industrial                    ,      667.4512 ,   46 ,     2014.6
Economía                             ,      657.8794 ,   84 ,     2014.6
Enfermería                           ,      650.1376 ,  100 ,     2014.6
Español_Y_Filología_Clásica          ,      655.2502 ,   48 ,     2014.6
Estadística                          ,      650.8743 ,   61 ,     2014.6
Farmacia                             ,      651.0388 ,   73 ,     2014.6
Filología_e_Idiomas:_Alemán          ,      651.0865 ,   21 ,     2014.6
Filología_e_Idiomas:_Francés         ,      653.1514 ,   30 ,     2014.6
Filología_e_Idiomas:_Inglés          ,      650.0010 ,   42 ,     2014.6
Filosofía                            ,      663.7332 ,   46 ,     2014.6
Física                               ,      652.7345 ,   64 ,     2014.6
Fisioterapia                         ,      651.1450 ,   55 ,     2014.6
Geografía                            ,      652.7947 ,   27 ,     2014.6
Geología                             ,      726.3624 ,   33 ,     2014.6
Ingeniería_Agrícola                  ,      654.3166 ,   67 ,     2014.6
Ingeniería_Agronómica                ,      651.0063 ,   87 ,     2014.6
Ingeniería_Civil                     ,      675.5451 ,  111 ,     2014.6
Ingeniería_de_Sistemas_y_Computación ,      656.6424 ,   84 ,     2014.6
Ingeniería_Eléctrica                 ,      658.9682 ,   62 ,     2014.6
Ingeniería_Electrónica               ,      678.6770 ,   69 ,     2014.6
Ingeniería_Industrial                ,      704.5988 ,   45 ,     2014.6
Ingeniería_Mecánica                  ,      661.5951 ,   82 ,     2014.6
Ingeniería_Mecatrónica               ,      706.6304 ,   53 ,     2014.6
Ingeniería_Química                   ,      664.5718 ,  128 ,     2014.6
Lingüística                          ,      672.0055 ,   51 ,     2014.6
Matemáticas                          ,      655.5166 ,   48 ,     2014.6
Medicina                             ,      720.3835 ,  127 ,     2014.6
Medicina_Veterinaria                 ,      650.9577 ,   54 ,     2014.6
Nutrición_Y_Dietética                ,      652.2251 ,   50 ,     2014.6
Odontología                          ,      655.0625 ,   53 ,     2014.6
Psicología                           ,      651.1893 ,   80 ,     2014.6
Química                              ,      650.4921 ,   73 ,     2014.6
Sociología                           ,      650.5801 ,   56 ,     2014.6
Trabajo_Social                       ,      656.9482 ,   46 ,     2014.6
Zootecnia                            ,      611.2287 ,   55 ,     2014.6
Artes_Plásticas                      ,      583.8440 ,   32 ,     2014.6
Cine_Y_Televisión                    ,      601.1100 ,   28 ,     2014.6
Administración_de_Empresas           ,      662.9327 ,   73 ,     2015.1
Antropología                         ,      667.5091 ,   45 ,     2015.1
Arquitectura                         ,      697.5921 ,   72 ,     2015.1
Biología                             ,      686.4774 ,   57 ,     2015.1
Ciencia_Política                     ,      660.2486 ,   84 ,     2015.1
Contaduría_Pública                   ,      651.0734 ,   61 ,     2015.1
Derecho                              ,      690.7653 ,   80 ,     2015.1
Diseño_Gráfico                       ,      707.1765 ,   30 ,     2015.1
Diseño_Industrial                    ,      685.8003 ,   49 ,     2015.1
Economía                             ,      688.0547 ,   83 ,     2015.1
Enfermería                           ,      652.4870 ,   99 ,     2015.1
Español_Y_Filología_Clásica          ,      631.0228 ,   48 ,     2015.1
Estadística                          ,      652.2640 ,   61 ,     2015.1
Estudios_Literarios                  ,      675.3935 ,   39 ,     2015.1
Farmacia                             ,      658.9578 ,   73 ,     2015.1
Filología_e_Idiomas:_Alemán          ,      652.7857 ,   22 ,     2015.1
Filología_e_Idiomas:_Francés         ,      652.0226 ,   22 ,     2015.1
Filología_e_Idiomas:_Inglés          ,      650.6102 ,   44 ,     2015.1
Filosofía                            ,      649.9196 ,   50 ,     2015.1
Física                               ,      682.0483 ,   72 ,     2015.1
Fonoaudiología                       ,      622.5288 ,   59 ,     2015.1
Geografía                            ,      644.3060 ,   34 ,     2015.1
Geología                             ,      741.1403 ,   30 ,     2015.1
Historia                             ,      651.0263 ,   58 ,     2015.1
Ingeniería_Agrícola                  ,      651.0365 ,   67 ,     2015.1
Ingeniería_Agronómica                ,      651.0509 ,   91 ,     2015.1
Ingeniería_Civil                     ,      704.2613 ,  110 ,     2015.1
Ingeniería_de_Sistemas_y_Computación ,      703.9401 ,   84 ,     2015.1
Ingeniería_Eléctrica                 ,      680.8843 ,   58 ,     2015.1
Ingeniería_Electrónica               ,      722.2947 ,   58 ,     2015.1
Ingeniería_Industrial                ,      720.7829 ,   48 ,     2015.1
Ingeniería_Mecánica                  ,      706.5198 ,   78 ,     2015.1
Ingeniería_Mecatrónica               ,      773.0707 ,   41 ,     2015.1
Ingeniería_Química                   ,      696.6347 ,  127 ,     2015.1
Lingüística                          ,      630.4991 ,   45 ,     2015.1
Matemáticas                          ,      668.7202 ,   50 ,     2015.1
Medicina                             ,      749.6548 ,  126 ,     2015.1
Medicina_Veterinaria                 ,      651.5644 ,   54 ,     2015.1
Nutrición_y_Dietética                ,      639.7398 ,   51 ,     2015.1
Odontología                          ,      651.8160 ,   53 ,     2015.1
Psicología                           ,      670.1481 ,   80 ,     2015.1
Química                              ,      665.6188 ,   70 ,     2015.1
Sociología                           ,      651.7812 ,   56 ,     2015.1
Terapia_Ocupacional                  ,      622.8868 ,   59 ,     2015.1
Trabajo_Social                       ,      636.7284 ,   46 ,     2015.1
Zootecnia                            ,      624.9857 ,   50 ,     2015.1
Artes_Plasticas                      ,      607.4508 ,   30 ,     2015.1
Cine_y_Television                    ,      617.0164 ,   30 ,     2015.1
Administración_de_Empresas           ,      645.4196 ,   88 ,     2015.6
Antropología                         ,      646.1570 ,   45 ,     2015.6
Arquitectura                         ,      671.1814 ,   76 ,     2015.6
Biología                             ,      670.5920 ,   58 ,     2015.6
Ciencia_Política                     ,      629.4327 ,   84 ,     2015.6
Contaduría_Pública                   ,      627.8887 ,   64 ,     2015.6
Derecho                              ,      652.1400 ,   81 ,     2015.6
Diseño_Gráfico                       ,      691.3971 ,   30 ,     2015.6
Diseño_Industrial                    ,      665.3671 ,   49 ,     2015.6
Economía                             ,      650.1316 ,   93 ,     2015.6
Enfermería                           ,      629.0756 ,   90 ,     2015.6
Español_Y_Filología_Clásica          ,      625.0267 ,   38 ,     2015.6
Estadística                          ,      625.0211 ,   61 ,     2015.6
Farmacia                             ,      642.6718 ,   73 ,     2015.6
Filología_e_Idiomas:_Alemán          ,      629.1281 ,   22 ,     2015.6
Filología_e_Idiomas:_Francés         ,      635.6279 ,   22 ,     2015.6
Filología_e_Idiomas:_Inglés          ,      641.8252 ,   44 ,     2015.6
Filosofía                            ,      625.5526 ,   50 ,     2015.6
Física                               ,      650.2283 ,   72 ,     2015.6
Fisioterapia                         ,      626.3572 ,   55 ,     2015.6
Geografía                            ,      625.3467 ,   44 ,     2015.6
Geología                             ,      726.8179 ,   30 ,     2015.6
Ingeniería_Agrícola                  ,      625.1387 ,   77 ,     2015.6
Ingeniería_Agronómica                ,      624.7984 ,  110 ,     2015.6
Ingeniería_Civil                     ,      683.8091 ,  111 ,     2015.6
Ingeniería_de_Sistemas_y_Computación ,      664.4400 ,   99 ,     2015.6
Ingeniería_Eléctrica                 ,      660.7321 ,   61 ,     2015.6
Ingeniería_Electrónica               ,      687.2901 ,   63 ,     2015.6
Ingeniería_Industrial                ,      691.4998 ,   50 ,     2015.6
Ingeniería_Mecánica                  ,      681.4479 ,   78 ,     2015.6
Ingeniería_Mecatrónica               ,      727.4485 ,   41 ,     2015.6
Ingeniería_Química                   ,      661.9065 ,  127 ,     2015.6
Lingüística                          ,      625.2108 ,   40 ,     2015.6
Matemáticas                          ,      639.9828 ,   64 ,     2015.6
Medicina                             ,      727.9884 ,  127 ,     2015.6
Medicina_Veterinaria                 ,      642.6697 ,   54 ,     2015.6
Nutrición_y_Dietética                ,      625.0547 ,   53 ,     2015.6
Odontología                          ,      633.9242 ,   55 ,     2015.6
Psicología                           ,      657.7490 ,   65 ,     2015.6
Química                              ,      649.4720 ,   70 ,     2015.6
Sociología                           ,      628.3510 ,   56 ,     2015.6
Trabajo_Social                       ,      624.4375 ,   46 ,     2015.6
Zootecnia                            ,      621.2993 ,   50 ,     2015.6
Artes_Plasticas                      ,      675.7700 ,   28 ,     2015.6
Cine_y_Television                    ,      714.8752 ,   28 ,     2015.6
Administración_de_Empresas           ,      665.7784 ,   71 ,     2016.1
Antropología                         ,      651.5817 ,   45 ,     2016.1
Arquitectura                         ,      681.9261 ,   76 ,     2016.1
Biología                             ,      684.4595 ,   58 ,     2016.1
Ciencia_Política                     ,      649.7777 ,   84 ,     2016.1
Contaduría_Pública                   ,      650.3425 ,   62 ,     2016.1
Derecho                              ,      676.8533 ,   81 ,     2016.1
Diseño_Gráfico                       ,      689.4558 ,   30 ,     2016.1
Diseño_Industrial                    ,      672.1865 ,   50 ,     2016.1
Economía                             ,      680.6339 ,   85 ,     2016.1
Enfermería                           ,      646.5992 ,   89 ,     2016.1
Español_Y_Filología_Clásica          ,      627.7220 ,   36 ,     2016.1
Estadística                          ,      650.7542 ,   61 ,     2016.1
Estudios_Literarios                  ,      662.8329 ,   37 ,     2016.1
Farmacia                             ,      662.7175 ,   73 ,     2016.1
Filología_e_Idiomas:_Alemán          ,      650.2425 ,   22 ,     2016.1
Filología_e_Idiomas:_Francés         ,      650.4033 ,   22 ,     2016.1
Filología_e_Idiomas:_Inglés          ,      653.6367 ,   44 ,     2016.1
Filosofía                            ,      643.7402 ,   50 ,     2016.1
Física                               ,      690.9480 ,   71 ,     2016.1
Fonoaudiología                       ,      625.3415 ,   70 ,     2016.1
Geografía                            ,      633.1594 ,   47 ,     2016.1
Geología                             ,      725.2180 ,   31 ,     2016.1
Historia                             ,      631.9162 ,   60 ,     2016.1
Ingeniería_Agrícola                  ,      650.1425 ,   68 ,     2016.1
Ingeniería_Agronómica                ,      644.5560 ,   94 ,     2016.1
Ingeniería_Civil                     ,      700.3935 ,  111 ,     2016.1
Ingeniería_de_Sistemas_y_Computación ,      693.8932 ,   94 ,     2016.1
Ingeniería_Eléctrica                 ,      693.7442 ,   58 ,     2016.1
Ingeniería_Electrónica               ,      714.3960 ,   63 ,     2016.1
Ingeniería_Industrial                ,      713.9273 ,   40 ,     2016.1
Ingeniería_Mecánica                  ,      701.0072 ,   78 ,     2016.1
Ingeniería_Mecatrónica               ,      776.7632 ,   41 ,     2016.1
Ingeniería_Química                   ,      692.5187 ,  127 ,     2016.1
Lingüística                          ,      626.1513 ,   40 ,     2016.1
Matemáticas                          ,      671.4806 ,   50 ,     2016.1
Medicina                             ,      749.5229 ,  125 ,     2016.1
Medicina_Veterinaria                 ,      652.9112 ,   53 ,     2016.1
Nutrición_y_Dietética                ,      648.4914 ,   45 ,     2016.1
Odontología                          ,      650.1797 ,   46 ,     2016.1
Psicología                           ,      661.0233 ,   80 ,     2016.1
Química                              ,      671.7002 ,   70 ,     2016.1
Sociología                           ,      641.6500 ,   58 ,     2016.1
Terapia_Ocupacional                  ,      625.2591 ,   60 ,     2016.1
Trabajo_Social                       ,      637.4165 ,   46 ,     2016.1
Zootecnia                            ,      627.2200 ,   55 ,     2016.1
Artes_Plasticas                      ,      608.6616 ,   28 ,     2016.1
Cine_y_Television                    ,      610.7729 ,   28 ,     2016.1
Musica_Composicion                   ,      722.4895 ,    4 ,     2016.1
Musica_Inst_Arpa                     ,      668.1174 ,    1 ,     2016.1
Musica_Inst_Canto                    ,      659.2228 ,    3 ,     2016.1
Musica_Inst_Clarinete                ,      617.6302 ,    1 ,     2016.1
Musica_Inst_Contrabajo               ,      626.8921 ,    3 ,     2016.1
Musica_Inst_Corno                    ,      627.5729 ,    1 ,     2016.1
Musica_Inst_Flauta                   ,      609.4535 ,    1 ,     2016.1
Musica_Inst_Guitarra                 ,      715.6061 ,    3 ,     2016.1
Musica_Inst_Percusion                ,      650.7221 ,    3 ,     2016.1
Musica_Inst_Piano                    ,      679.6985 ,    8 ,     2016.1
Musica_Inst_Saxofon                  ,      631.7758 ,    6 ,     2016.1
Musica_Inst_Trombon                  ,      617.0940 ,    6 ,     2016.1
Musica_Inst_Trompeta                 ,      606.1554 ,    6 ,     2016.1
Musica_Inst_Tuba                     ,      673.0697 ,    6 ,     2016.1
Musica_Inst_Violin                   ,      663.5534 ,    6 ,     2016.1
Musica_Inst_Violonchelo              ,      662.1221 ,    1 ,     2016.1
Administración_de_Empresas           ,      632.2508 ,   75 ,     2016.6
Antropología                         ,      646.0968 ,   45 ,     2016.6
Arquitectura                         ,      653.5468 ,   76 ,     2016.6
Biología                             ,      666.0359 ,   63 ,     2016.6
Ciencia_Política                     ,      625.2211 ,   84 ,     2016.6
Contaduría_Pública                   ,      625.2531 ,   62 ,     2016.6
Derecho                              ,      650.4213 ,   80 ,     2016.6
Diseño_Gráfico                       ,      647.8270 ,   30 ,     2016.6
Diseño_Industrial                    ,      651.1424 ,   48 ,     2016.6
Economía                             ,      650.6005 ,   85 ,     2016.6
Enfermería                           ,      632.9143 ,  100 ,     2016.6
Español_Y_Filología_Clásica          ,      611.4690 ,   36 ,     2016.6
Estadística                          ,      626.9876 ,   60 ,     2016.6
Farmacia                             ,      645.6424 ,   73 ,     2016.6
Filología_e_Idiomas:_Alemán          ,      624.5905 ,   22 ,     2016.6
Filología_e_Idiomas:_Francés         ,      624.3003 ,   22 ,     2016.6
Filología_e_Idiomas:_Inglés          ,      629.2149 ,   46 ,     2016.6
Filosofía                            ,      615.5396 ,   50 ,     2016.6
Física                               ,      640.4432 ,   72 ,     2016.6
Fisioterapia                         ,      631.7110 ,   55 ,     2016.6
Geografía                            ,      613.6194 ,   50 ,     2016.6
Geología                             ,      717.5520 ,   31 ,     2016.6
Ingeniería_Agrícola                  ,      611.8146 ,  105 ,     2016.6
Ingeniería_Agronómica                ,      613.6109 ,  130 ,     2016.6
Ingeniería_Civil                     ,      659.3646 ,  111 ,     2016.6
Ingeniería_de_Sistemas_y_Computación ,      656.6936 ,   97 ,     2016.6
Ingeniería_Eléctrica                 ,      648.9961 ,   56 ,     2016.6
Ingeniería_Electrónica               ,      678.5997 ,   58 ,     2016.6
Ingeniería_Industrial                ,      690.7735 ,   47 ,     2016.6
Ingeniería_Mecánica                  ,      651.6181 ,   80 ,     2016.6
Ingeniería_Mecatrónica               ,      729.1963 ,   40 ,     2016.6
Ingeniería_Química                   ,      650.0629 ,  132 ,     2016.6
Lingüística                          ,      612.3991 ,   40 ,     2016.6
Matemáticas                          ,      641.3670 ,   50 ,     2016.6
Medicina                             ,      736.1282 ,  126 ,     2016.6
Medicina_Veterinaria                 ,      648.3732 ,   54 ,     2016.6
Nutrición_y_Dietética                ,      629.7013 ,   50 ,     2016.6
Odontología                          ,      637.6420 ,   58 ,     2016.6
Psicología                           ,      644.6311 ,   75 ,     2016.6
Química                              ,      638.6426 ,   75 ,     2016.6
Sociología                           ,      625.3833 ,   53 ,     2016.6
Trabajo_Social                       ,      620.2236 ,   47 ,     2016.6
Zootecnia                            ,      615.2132 ,   55 ,     2016.6
Artes_Plasticas                      ,      601.9518 ,   28 ,     2016.6
Cine_y_Televisión                    ,      608.3854 ,   28 ,     2016.6
Música:_Composición                  ,      608.3408 ,    6 ,     2016.6
Música:_Dirección                    ,      530.1245 ,    6 ,     2016.6
Administración_de_Empresas           ,      673.0349 ,   75 ,     2017.1
Antropología                         ,      653.9431 ,   45 ,     2017.1
Arquitectura                         ,      693.7228 ,   82 ,     2017.1
Biología                             ,      693.2767 ,   63 ,     2017.1
Ciencia_Política                     ,      659.6061 ,   82 ,     2017.1
Contaduría_Pública                   ,      650.1143 ,   65 ,     2017.1
Derecho                              ,      685.4351 ,   79 ,     2017.1
Diseño_Gráfico                       ,      694.9290 ,   30 ,     2017.1
Diseño_Industrial                    ,      681.3486 ,   50 ,     2017.1
Economía                             ,      689.5389 ,   85 ,     2017.1
Enfermería                           ,      648.0527 ,   99 ,     2017.1
Español_Y_Filología_Clásica          ,      632.0230 ,   31 ,     2017.1
Estadística                          ,      650.1381 ,   61 ,     2017.1
Estudios_Literarios                  ,      658.2894 ,   42 ,     2017.1
Farmacia                             ,      675.6314 ,   63 ,     2017.1
Filología_e_Idiomas:_Alemán          ,      650.7965 ,   22 ,     2017.1
Filología_e_Idiomas:_Francés         ,      654.8374 ,   22 ,     2017.1
Filología_e_Idiomas:_Inglés          ,      652.6156 ,   44 ,     2017.1
Filosofía                            ,      640.5446 ,   50 ,     2017.1
Física                               ,      700.8714 ,   72 ,     2017.1
Fonoaudiología                       ,      626.2343 ,   70 ,     2017.1
Geografía                            ,      636.2155 ,   40 ,     2017.1
Geología                             ,      722.3497 ,   31 ,     2017.1
Historia                             ,      645.9997 ,   60 ,     2017.1
Ingeniería_Agrícola                  ,      649.0791 ,   99 ,     2017.1
Ingeniería_Agronómica                ,      641.7984 ,  130 ,     2017.1
Ingeniería_Civil                     ,      713.7350 ,  111 ,     2017.1
Ingeniería_de_Sistemas_y_Computación ,      703.2537 ,   93 ,     2017.1
Ingeniería_Eléctrica                 ,      700.0246 ,   55 ,     2017.1
Ingeniería_Electrónica               ,      742.9120 ,   55 ,     2017.1
Ingeniería_Industrial                ,      719.1641 ,   44 ,     2017.1
Ingeniería_Mecánica                  ,      721.4185 ,   78 ,     2017.1
Ingeniería_Mecatrónica               ,      791.5727 ,   42 ,     2017.1
Ingeniería_Química                   ,      700.3062 ,  125 ,     2017.1
Lingüística                          ,      628.2678 ,   35 ,     2017.1
Matemáticas                          ,      690.3899 ,   50 ,     2017.1
Medicina                             ,      756.2693 ,  122 ,     2017.1
Medicina_Veterinaria                 ,      665.0547 ,   54 ,     2017.1
Nutrición_Y_Dietética                ,      643.6067 ,   53 ,     2017.1
Odontología                          ,      648.1241 ,   70 ,     2017.1
Psicología                           ,      676.2833 ,   65 ,     2017.1
Química                              ,      680.4499 ,   79 ,     2017.1
Sociología                           ,      648.4685 ,   59 ,     2017.1
Terapia_Ocupacional                  ,      625.0649 ,   55 ,     2017.1
Trabajo_Social                       ,      632.7982 ,   47 ,     2017.1
Zootecnia                            ,      628.5364 ,   56 ,     2017.1
Administración_de_Empresas           ,      633.6400 ,  110 ,     2017.6
Antropología                         ,      655.6600 ,   35 ,     2017.6
Arquitectura                         ,      659.6200 ,   77 ,     2017.6
Biología                             ,      666.2100 ,   60 ,     2017.6
Ciencia_Política                     ,      635.5300 ,   84 ,     2017.6
Contaduría_Pública                   ,      623.9700 ,  110 ,     2017.6
Derecho                              ,      650.3400 ,   81 ,     2017.6
Diseño_Gráfico                       ,      687.4800 ,   30 ,     2017.6
Diseño_Industrial                    ,      652.7100 ,   50 ,     2017.6
Economía                             ,      652.3500 ,  110 ,     2017.6
Enfermería                           ,      626.7500 ,  110 ,     2017.6
Español_Y_Filología Clásica          ,      626.6700 ,   31 ,     2017.6
Estadística                          ,      640.6500 ,   57 ,     2017.6
Farmacia                             ,      651.7100 ,   59 ,     2017.6
Filología_e_Idiomas:_Alemán          ,      628.2400 ,   22 ,     2017.6
Filología_e_Idiomas:_Francés         ,      630.7000 ,   22 ,     2017.6
Filología_e_Idiomas:_Inglés          ,      636.0200 ,   42 ,     2017.6
Filosofía                            ,      632.4300 ,   50 ,     2017.6
Física                               ,      664.0400 ,   71 ,     2017.6
Terapia_Ocupacional                  ,      633.8400 ,   45 ,     2017.6
Geografía                            ,      625.4200 ,   30 ,     2017.6
Geología                             ,      698.8100 ,   31 ,     2017.6
Ingeniería_Agrícola                  ,      620.6500 ,  105 ,     2017.6
Ingeniería_Agronómica                ,      619.3900 ,  111 ,     2017.6
Ingeniería_Civil                     ,      670.1900 ,  105 ,     2017.6
Ingeniería_de_Sistemas_y_Computación ,      668.6700 ,   98 ,     2017.6
Ingeniería_Eléctrica                 ,      656.1900 ,   53 ,     2017.6
Ingeniería_Electrónica               ,      685.6200 ,   54 ,     2017.6
Ingeniería_Industrial                ,      689.0300 ,   47 ,     2017.6
Ingeniería_Mecánica                  ,      673.7700 ,   80 ,     2017.6
Ingeniería_Mecatrónica               ,      727.5800 ,   42 ,     2017.6
Ingeniería_Química                   ,      650.5200 ,  127 ,     2017.6
Lingüística                          ,      624.7700 ,   30 ,     2017.6
Matemáticas                          ,      650.2400 ,   50 ,     2017.6
Medicina                             ,      738.9500 ,  127 ,     2017.6
Medicina_Veterinaria                 ,      650.1800 ,   50 ,     2017.6
Nutrición_Y_Dietética                ,      632.8100 ,   49 ,     2017.6
Odontología                          ,      624.9600 ,   70 ,     2017.6
Psicología                           ,      652.3000 ,   63 ,     2017.6
Química                              ,      636.5700 ,   80 ,     2017.6
Sociología                           ,      641.5500 ,   35 ,     2017.6
Trabajo_Social                       ,      624.0900 ,   47 ,     2017.6
Administración_de_Empresas           ,      650.0314 ,  120 ,     2018.1
Antropología                         ,      666.9502 ,   37 ,     2018.1
Arquitectura                         ,      679.8182 ,   86 ,     2018.1
Biología                             ,      687.8025 ,   70 ,     2018.1
Ciencia_Política                     ,      656.6647 ,   90 ,     2018.1
Ciencias_de_la_Computación           ,      688.9605 ,   33 ,     2018.1
Contaduría_Pública                   ,      638.0235 ,  119 ,     2018.1
Derecho                              ,      677.9407 ,   89 ,     2018.1
Diseño_Gráfico                       ,      697.6622 ,   30 ,     2018.1
Diseño_Industrial                    ,      663.0672 ,   52 ,     2018.1
Economía                             ,      672.6416 ,  120 ,     2018.1
Enfermería                           ,      626.1814 ,  188 ,     2018.1
Español_Y_Filología_Clásica          ,      625.3150 ,   40 ,     2018.1
Estadística                          ,      659.3562 ,   61 ,     2018.1
Estudios_Literarios                  ,      659.2387 ,   43 ,     2018.1
Farmacia                             ,      672.0521 ,   52 ,     2018.1
Filología_e_Idiomas:_Alemán          ,      650.0796 ,   21 ,     2018.1
Filología_e_Idiomas:_Francés         ,      642.4562 ,   24 ,     2018.1
Filología_e_Idiomas:_Inglés          ,      650.2558 ,   45 ,     2018.1
Filosofía                            ,      635.9991 ,   60 ,     2018.1
Física                               ,      713.4000 ,   79 ,     2018.1
Fonoaudiología                       ,      620.0432 ,   75 ,     2018.1
Geografía                            ,      629.3533 ,   42 ,     2018.1
Geología                             ,      714.8747 ,   33 ,     2018.1
Historia                             ,      634.6502 ,   60 ,     2018.1
Ingeniería_Agrícola                  ,      638.6990 ,  120 ,     2018.1
Ingeniería_Agronómica                ,      631.7825 ,  125 ,     2018.1
Ingeniería_Civil                     ,      691.8345 ,  118 ,     2018.1
Ingeniería_de_Sistemas_y_Computación ,      703.1983 ,  105 ,     2018.1
Ingeniería_Eléctrica                 ,      689.7576 ,   54 ,     2018.1
Ingeniería_Electrónica               ,      715.3468 ,   60 ,     2018.1
Ingeniería_Industrial                ,      708.4429 ,   44 ,     2018.1
Ingeniería_Mecánica                  ,      708.0611 ,   82 ,     2018.1
Ingeniería_Mecatrónica               ,      780.1754 ,   52 ,     2018.1
Ingeniería_Química                   ,      689.3737 ,  134 ,     2018.1
Lingüística                          ,      625.3548 ,   37 ,     2018.1
Matemáticas                          ,      694.0980 ,   52 ,     2018.1
Medicina                             ,      760.5462 ,  129 ,     2018.1
Medicina_Veterinaria                 ,      650.1111 ,   57 ,     2018.1
Nutrición_Y_Dietética                ,      647.2770 ,   49 ,     2018.1
Odontología                          ,      634.9020 ,   80 ,     2018.1
Psicología                           ,      659.5554 ,   70 ,     2018.1
Química                              ,      666.5013 ,   75 ,     2018.1
Sociología                           ,      645.8127 ,   50 ,     2018.1
Terapia_Ocupacional                  ,      620.2592 ,   60 ,     2018.1
Trabajo_Social                       ,      629.0533 ,   42 ,     2018.1
Zootecnia                            ,      625.0611 ,   59 ,     2018.1
Administración_de_Empresas           ,      626.6614 ,  120 ,     2018.6
Antropología                         ,      644.6637 ,   35 ,     2018.6
Arquitectura                         ,      653.7084 ,   84 ,     2018.6
Biología                             ,      695.3017 ,   30 ,     2018.6
Ciencia_Política                     ,      638.4985 ,   90 ,     2018.6
Ciencias_de_la_Computación           ,      674.6889 ,   28 ,     2018.6
Contaduría_Pública                   ,      615.4406 ,  120 ,     2018.6
Derecho                              ,      656.6672 ,   82 ,     2018.6
Diseño_Gráfico                       ,      677.5509 ,   30 ,     2018.6
Diseño_Industrial                    ,      651.9488 ,   50 ,     2018.6
Economía                             ,      643.8355 ,  120 ,     2018.6
Enfermería                           ,      617.1948 ,  120 ,     2018.6
Español_Y_Filología Clásica          ,      619.9233 ,   35 ,     2018.6
Estadística                          ,      639.2277 ,   57 ,     2018.6
Farmacia                             ,      663.4930 ,   56 ,     2018.6
Filología_e_Idiomas:_Alemán          ,      628.7428 ,   22 ,     2018.6
Filología_e_Idiomas:_Francés         ,      630.6264 ,   22 ,     2018.6
Filología_e_Idiomas:_Inglés          ,      634.3146 ,   42 ,     2018.6
Filosofía                            ,      625.6443 ,   50 ,     2018.6
Física                               ,      674.0000 ,   78 ,     2018.6
Terapia_Ocupacional                  ,      639.5151 ,   45 ,     2018.6
Geografía                            ,      613.3784 ,   36 ,     2018.6
Geología                             ,      687.7567 ,   32 ,     2018.6
Ingeniería_Agrícola                  ,      616.8581 ,  110 ,     2018.6
Ingeniería_Agronómica                ,      614.8490 ,   90 ,     2018.6
Ingeniería_Civil                     ,      658.9023 ,  110 ,     2018.6
Ingeniería_de_Sistemas_y_Computación ,      659.5099 ,   97 ,     2018.6
Ingeniería_Eléctrica                 ,      650.4384 ,   55 ,     2018.6
Ingeniería_Electrónica               ,      674.1568 ,   60 ,     2018.6
Ingeniería_Industrial                ,      681.9669 ,   44 ,     2018.6
Ingeniería_Mecánica                  ,      662.5829 ,   82 ,     2018.6
Ingeniería_Mecatrónica               ,      710.6568 ,   45 ,     2018.6
Ingeniería_Química                   ,      648.2030 ,  120 ,     2018.6
Lingüística                          ,      616.6317 ,   37 ,     2018.6
Matemáticas                          ,      678.6017 ,   32 ,     2018.6
Medicina                             ,      744.7845 ,  119 ,     2018.6
Medicina_Veterinaria                 ,      637.7708 ,   49 ,     2018.6
Nutrición_Y_Dietética                ,      629.9994 ,   51 ,     2018.6
Odontología                          ,      616.7362 ,   73 ,     2018.6
Psicología                           ,      642.5022 ,   70 ,     2018.6
Química                              ,      639.1479 ,   75 ,     2018.6
Sociología                           ,      632.4203 ,   45 ,     2018.6
Trabajo_Social                       ,      617.1329 ,   42 ,     2018.6
Zootecnia                            ,      609.2017 ,   60 ,     2018.6
Diseño_Industrial                    ,      672.6489 ,   50 ,     2019.1
Diseño_Gráfico                       ,      678.1830 ,   32 ,     2019.1
Biología                             ,      728.2660 ,   30 ,     2019.1
Estadística                          ,      681.5716 ,   55 ,     2019.1
Farmacia                             ,      682.9627 ,   56 ,     2019.1
Física                               ,      726.0368 ,   73 ,     2019.1
Geología                             ,      706.6311 ,   33 ,     2019.1
Matemáticas                          ,      713.0775 ,   45 ,     2019.1
Química                              ,      671.4858 ,   75 ,     2019.1
Ciencias_de_la_Computación           ,      707.0986 ,   33 ,     2019.1
Administración_de_Empresas           ,      652.3063 ,  120 ,     2019.1
Contaduría_Pública                   ,      637.2641 ,  128 ,     2019.1
Economía                             ,      681.2656 ,  120 ,     2019.1
Geografía                            ,      629.0294 ,   35 ,     2019.1
Historia                             ,      645.4152 ,   60 ,     2019.1
Antropología                         ,      662.0044 ,   35 ,     2019.1
Filosofía                            ,      645.7763 ,   50 ,     2019.1
Estudios_Literarios                  ,      650.4933 ,   43 ,     2019.1
Filología_e_Idiomas:_Alemán          ,      648.5624 ,   21 ,     2019.1
Filología_e_Idiomas:_Francés         ,      649.1097 ,   22 ,     2019.1
Filología_e_Idiomas:_Inglés          ,      652.0954 ,   44 ,     2019.1
Lingüística                          ,      626.2433 ,   45 ,     2019.1
Español_Y_Filología_Clásica          ,      637.3839 ,   40 ,     2019.1
Psicología                           ,      663.7908 ,   75 ,     2019.1
Sociología                           ,      653.7830 ,   39 ,     2019.1
Trabajo_Social                       ,      637.7145 ,   41 ,     2019.1
Derecho                              ,      688.6470 ,   82 ,     2019.1
Ciencia_Política                     ,      657.8519 ,   90 ,     2019.1
Ingeniería_Agrícola                  ,      637.8989 ,  106 ,     2019.1
Ingeniería_Civil                     ,      694.6960 ,  109 ,     2019.1
Ingeniería_Eléctrica                 ,      690.7929 ,   55 ,     2019.1
Ingeniería_Mecánica                  ,      702.5432 ,   81 ,     2019.1
Ingeniería_Química                   ,      687.6607 ,  129 ,     2019.1
Ingeniería_de_Sistemas_y_Computación ,      700.5173 ,  100 ,     2019.1
Ingeniería_Electrónica               ,      721.8709 ,   60 ,     2019.1
Ingeniería_Industrial                ,      710.3484 ,   44 ,     2019.1
Ingeniería_Mecatrónica               ,      775.8461 ,   45 ,     2019.1
Medicina                             ,      776.6215 ,  122 ,     2019.1
Nutrición_Y_Dietética                ,      652.4565 ,   50 ,     2019.1
Fonoaudiología                       ,      625.3862 ,   75 ,     2019.1
Terapia_Ocupacional                  ,      625.2646 ,   60 ,     2019.1
Enfermería                           ,      643.9633 ,   89 ,     2019.1
Odontología                          ,      638.5678 ,   75 ,     2019.1
Ingeniería_Agronómica                ,      635.6240 ,   90 ,     2019.1
Medicina_Veterinaria                 ,      658.7451 ,   50 ,     2019.1
Zootecnia                            ,      629.7345 ,   55 ,     2019.1
Arquitectura                         ,      654.2464 ,   80 ,     2019.6
Diseño_Gráfico                       ,      652.9164 ,   32 ,     2019.6
Diseño_Industrial                    ,      637.8122 ,   44 ,     2019.6
Biología                             ,      695.1920 ,   27 ,     2019.6
Estadística                          ,      629.7472 ,   57 ,     2019.6
Farmacia                             ,      663.1751 ,   54 ,     2019.6
Física                               ,      672.2194 ,   74 ,     2019.6
Geología                             ,      677.9022 ,   33 ,     2019.6
Matemáticas                          ,      664.3267 ,   30 ,     2019.6
Química                              ,      635.8051 ,   70 ,     2019.6
Ciencias_de_la_Computación           ,      659.7326 ,   33 ,     2019.6
Administración_de_Empresas           ,      624.1718 ,  109 ,     2019.6
Contaduría_Pública                   ,      612.6359 ,  110 ,     2019.6
Economía                             ,      637.1900 ,  110 ,     2019.6
Geografía                            ,      614.5417 ,   32 ,     2019.6
Antropología                         ,      635.9004 ,   35 ,     2019.6
Filosofía                            ,      615.2330 ,   50 ,     2019.6
Filología_e_Idiomas:_Alemán          ,      624.4569 ,   16 ,     2019.6
Filología_e_Idiomas:_Francés         ,      629.9796 ,   16 ,     2019.6
Filología_e_Idiomas:_Inglés          ,      631.8801 ,   33 ,     2019.6
Lingüística                          ,      606.4482 ,   45 ,     2019.6
Español_Y_Filología_Clásica          ,      614.6980 ,   42 ,     2019.6
Psicología                           ,      635.6348 ,   75 ,     2019.6
Sociología                           ,      623.0243 ,   47 ,     2019.6
Trabajo_Social                       ,      614.8498 ,   42 ,     2019.6
Derecho                              ,      658.8486 ,   82 ,     2019.6
Ciencia_Política                     ,      630.5075 ,   90 ,     2019.6
Ingeniería_Agrícola                  ,      606.8497 ,   95 ,     2019.6
Ingeniería_Civil                     ,      643.7972 ,  120 ,     2019.6
Ingeniería_Eléctrica                 ,      644.9933 ,   60 ,     2019.6
Ingeniería_Mecánica                  ,      641.7017 ,   82 ,     2019.6
Ingeniería_Química                   ,      631.2948 ,  140 ,     2019.6
Ingeniería_de_Sistemas_y_Computación ,      660.3935 ,  100 ,     2019.6
Ingeniería_Electrónica               ,      668.5883 ,   65 ,     2019.6
Ingeniería_Industrial                ,      655.0716 ,   46 ,     2019.6
Ingeniería_Mecatrónica               ,      713.1872 ,   40 ,     2019.6
Terapia_Ocupacional                  ,      632.8694 ,   46 ,     2019.6
Medicina                             ,      737.1309 ,  130 ,     2019.6
Nutrición_Y_Dietética                ,      632.5613 ,   46 ,     2019.6
Enfermería                           ,      625.0761 ,   80 ,     2019.6
Odontología                          ,      619.1317 ,   75 ,     2019.6
Ingeniería_Agronómica                ,      608.9784 ,   90 ,     2019.6
Medicina_Veterinaria                 ,      640.7479 ,   50 ,     2019.6
Zootecnia                            ,      610.4868 ,   55 ,     2019.6
Arquitectura                         ,      668.1536 ,   82 ,     2020.1
Diseño_Gráfico                       ,      683.5642 ,   32 ,     2020.1
Diseño_Industrial                    ,      659.7461 ,   46 ,     2020.1
Biología                             ,      699.9824 ,   48 ,     2020.1
Estadística                          ,      668.7146 ,   47 ,     2020.1
Farmacia                             ,      683.7646 ,   54 ,     2020.1
Física                               ,      725.8575 ,   89 ,     2020.1
Geología                             ,      692.7388 ,   33 ,     2020.1
Matemáticas                          ,      724.7126 ,   32 ,     2020.1
Química                              ,      670.3881 ,   69 ,     2020.1
Ciencias_de_la_Computación           ,      707.6533 ,   28 ,     2020.1
Administración_de_Empresas           ,      653.3345 ,   70 ,     2020.1
Contaduría_Pública                   ,      638.5212 ,  100 ,     2020.1
Economía                             ,      667.3140 ,  105 ,     2020.1
Geografía                            ,      626.4404 ,   32 ,     2020.1
Historia                             ,      627.5738 ,   60 ,     2020.1
Antropología                         ,      658.6011 ,   35 ,     2020.1
Filosofía                            ,      626.1694 ,   50 ,     2020.1
Estudios_Literarios                  ,      660.6105 ,   44 ,     2020.1
Filología_e_Idiomas:_Alemán          ,      650.0600 ,   22 ,     2020.1
Filología_e_Idiomas:_Francés         ,      646.6024 ,   22 ,     2020.1
Filología_e_Idiomas:_Inglés          ,      651.7011 ,   43 ,     2020.1
Lingüística                          ,      624.5093 ,   50 ,     2020.1
Español_Y_Filología_Clásica          ,      623.7555 ,   44 ,     2020.1
Psicología                           ,      673.1798 ,   60 ,     2020.1
Sociología                           ,      646.5680 ,   45 ,     2020.1
Trabajo_Social                       ,      631.1059 ,   42 ,     2020.1
Derecho                              ,      681.2057 ,   80 ,     2020.1
Ciencia_Política                     ,      647.2855 ,   86 ,     2020.1
Ingeniería_Agrícola                  ,      627.5051 ,  105 ,     2020.1
Ingeniería_Civil                     ,      678.5037 ,  109 ,     2020.1
Ingeniería_Eléctrica                 ,      677.0153 ,   60 ,     2020.1
Ingeniería_Mecánica                  ,      685.9037 ,   81 ,     2020.1
Ingeniería_Química                   ,      672.0540 ,  134 ,     2020.1
Ingeniería_de_Sistemas_y_Computación ,      698.8107 ,  100 ,     2020.1
Ingeniería_Electrónica               ,      712.2769 ,   60 ,     2020.1
Ingeniería_Industrial                ,      683.9687 ,   44 ,     2020.1
Ingeniería_Mecatrónica               ,      767.7845 ,   45 ,     2020.1
Medicina                             ,      757.9305 ,  128 ,     2020.1
Nutrición_Y_Dietética                ,      648.2854 ,   46 ,     2020.1
Fonoaudiología                       ,      621.3111 ,   60 ,     2020.1
Terapia_Ocupacional                  ,      619.5499 ,   55 ,     2020.1
Enfermería                           ,      638.8036 ,   79 ,     2020.1
Odontología                          ,      627.1788 ,   90 ,     2020.1
Ingeniería_Agronómica                ,      625.1466 ,  100 ,     2020.1
Medicina_Veterinaria                 ,      655.1168 ,   50 ,     2020.1
Zootecnia                            ,      621.2348 ,   60 ,     2020.1
Arquitectura                         ,      624.6154 ,   81 ,     2020.6
Diseño_Gráfico                       ,      655.9583 ,   31 ,     2020.6
Diseño_Industrial                    ,      627.6876 ,   48 ,     2020.6
Biología                             ,      639.7632 ,   49 ,     2020.6
Estadística                          ,      619.6202 ,   43 ,     2020.6
Farmacia                             ,      628.4616 ,   52 ,     2020.6
Física                               ,      659.2308 ,   65 ,     2020.6
Geología                             ,      641.4770 ,   31 ,     2020.6
Matemáticas                          ,      628.9401 ,   28 ,     2020.6
Química                              ,      602.3076 ,   66 ,     2020.6
Ciencias_de_la_Computación           ,      632.6910 ,   27 ,     2020.6
Administración_de_Empresas           ,      599.2308 ,   65 ,     2020.6
Contaduría_Pública                   ,      564.6154 ,  104 ,     2020.6
Economía                             ,      626.4041 ,  103 ,     2020.6
Geografía                            ,      563.0770 ,   26 ,     2020.6
Antropología                         ,      630.0000 ,   33 ,     2020.6
Filosofía                            ,      585.3846 ,   45 ,     2020.6
Filología_e_Idiomas:_Alemán          ,      595.3846 ,   21 ,     2020.6
Filología_e_Idiomas:_Francés         ,      573.0770 ,   21 ,     2020.6
Filología_e_Idiomas:_Inglés          ,      610.7692 ,   43 ,     2020.6
Lingüística                          ,      524.6154 ,   45 ,     2020.6
Español_Y_Filología_Clásica          ,      570.0000 ,   46 ,     2020.6
Psicología                           ,      635.3846 ,   55 ,     2020.6
Sociología                           ,      593.0770 ,   43 ,     2020.6
Trabajo_Social                       ,      593.8462 ,   31 ,     2020.6
Derecho                              ,      630.0000 ,   74 ,     2020.6
Ciencia_Política                     ,      603.6164 ,   76 ,     2020.6
Ingeniería_Agrícola                  ,      467.0261 ,   87 ,     2020.6
Ingeniería_Civil                     ,      617.4947 ,  115 ,     2020.6
Ingeniería_Eléctrica                 ,      571.2955 ,   52 ,     2020.6
Ingeniería_Mecánica                  ,      631.9073 ,   75 ,     2020.6
Ingeniería_Química                   ,      610.0585 ,  125 ,     2020.6
Ingeniería_de_Sistemas_y_Computación ,      651.1641 ,  100 ,     2020.6
Ingeniería_Electrónica               ,      628.8199 ,   64 ,     2020.6
Ingeniería_Industrial                ,      622.7582 ,   51 ,     2020.6
Ingeniería_Mecatrónica               ,      657.1967 ,   41 ,     2020.6
Terapia_Ocupacional                  ,      613.6618 ,   38 ,     2020.6
Medicina                             ,      704.5464 ,  115 ,     2020.6
Nutrición_Y_Dietética                ,      614.7569 ,   38 ,     2020.6
Enfermería                           ,      594.6192 ,   80 ,     2020.6
Odontología                          ,      589.9842 ,   65 ,     2020.6
Ingeniería_Agronómica                ,      542.3076 ,   80 ,     2020.6
Medicina_Veterinaria                 ,      623.8462 ,   48 ,     2020.6
Zootecnia                            ,      506.1538 ,   54 ,     2020.6
Arquitectura                         ,      634.5596 ,   82 ,     2021.1
Diseño_Gráfico                       ,      648.6145 ,   30 ,     2021.1
Diseño_Industrial                    ,      618.3792 ,   42 ,     2021.1
Biología                             ,      679.6131 ,   32 ,     2021.1
Estadística                          ,      586.5304 ,   43 ,     2021.1
Farmacia                             ,      636.5459 ,   42 ,     2021.1
Física                               ,      673.0330 ,   63 ,     2021.1
Geología                             ,      646.6132 ,   31 ,     2021.1
Matemáticas                          ,      664.6909 ,   27 ,     2021.1
Química                              ,      607.1973 ,   55 ,     2021.1
Ciencias_de_la_Computación           ,      666.7855 ,   27 ,     2021.1
Administración_de_Empresas           ,      617.7782 ,   66 ,     2021.1
Contaduría_Pública                   ,      572.8721 ,  106 ,     2021.1
Economía                             ,      639.3867 ,  106 ,     2021.1
Geografía                            ,      544.2021 ,   27 ,     2021.1
Historia                             ,      599.1689 ,   55 ,     2021.1
Antropología                         ,      635.5138 ,   32 ,     2021.1
Filosofía                            ,      600.9360 ,   44 ,     2021.1
Estudios_Literarios                  ,      628.0101 ,   40 ,     2021.1
Filología_e_Idiomas:_Alemán          ,      620.3778 ,   22 ,     2021.1
Filología_e_Idiomas:_Francés         ,      599.0331 ,   22 ,     2021.1
Filología_e_Idiomas:_Inglés          ,      623.7765 ,   42 ,     2021.1
Lingüística                          ,      535.9715 ,   37 ,     2021.1
Español_Y_Filología_Clásica          ,      556.3347 ,   39 ,     2021.1
Psicología                           ,      646.5473 ,   55 ,     2021.1
Sociología                           ,      598.9914 ,   54 ,     2021.1
Trabajo_Social                       ,      589.0017 ,   38 ,     2021.1
Derecho                              ,      666.4303 ,   75 ,     2021.1
Ciencia_Política                     ,      629.2563 ,   75 ,     2021.1
Ingeniería_Agrícola                  ,      394.8944 ,   85 ,     2021.1
Ingeniería_Civil                     ,      616.5741 ,  120 ,     2021.1
Ingeniería_Eléctrica                 ,      574.5743 ,   55 ,     2021.1
Ingeniería_Mecánica                  ,      629.7095 ,   77 ,     2021.1
Ingeniería_Química                   ,      627.7252 ,  123 ,     2021.1
Ingeniería_de_Sistemas_y_Computación ,      661.2577 ,  104 ,     2021.1
Ingeniería_Electrónica               ,      633.4291 ,   58 ,     2021.1
Ingeniería_Industrial                ,      640.0777 ,   53 ,     2021.1
Ingeniería_Mecatrónica               ,      695.9288 ,   42 ,     2021.1
Medicina                             ,      746.5882 ,  123 ,     2021.1
Nutrición_Y_Dietética                ,      624.5899 ,   33 ,     2021.1
Fonoaudiología                       ,      536.6920 ,   44 ,     2021.1
Terapia_Ocupacional                  ,      548.2876 ,   35 ,     2021.1
Enfermería                           ,      570.1046 ,   81 ,     2021.1
Odontología                          ,      567.8926 ,   60 ,     2021.1
Ingeniería_Agronómica                ,      534.8438 ,   77 ,     2021.1
Medicina_Veterinaria                 ,      620.1431 ,   48 ,     2021.1
Zootecnia                            ,      511.0879 ,   55 ,     2021.1
Arquitectura                         ,      593.0175 ,   80 ,     2021.6
Diseño_Gráfico                       ,      610.0583 ,   30 ,     2021.6
Diseño_Industrial                    ,      573.7039 ,   42 ,     2021.6
Biología                             ,      617.4011 ,   32 ,     2021.6
Estadística                          ,      562.5671 ,   43 ,     2021.6
Farmacia                             ,      629.4526 ,   42 ,     2021.6
Física                               ,      629.3086 ,   63 ,     2021.6
Geología                             ,      602.7032 ,   31 ,     2021.6
Matemáticas                          ,      605.3052 ,   32 ,     2021.6
Química                              ,      561.8306 ,   55 ,     2021.6
Ciencias_de_la_Computación           ,      604.9196 ,   32 ,     2021.6
Administración_de_Empresas           ,      574.3797 ,   65 ,     2021.6
Contaduría_Pública                   ,      525.8262 ,  106 ,     2021.6
Economía                             ,      576.4163 ,  106 ,     2021.6
Geografía                            ,      515.5632 ,   32 ,     2021.6
Antropología                         ,      579.8407 ,   32 ,     2021.6
Filosofía                            ,      528.1965 ,   44 ,     2021.6
Filología_e_Idiomas:_Alemán          ,      538.9411 ,   22 ,     2021.6
Filología_e_Idiomas:_Francés         ,      559.2508 ,   22 ,     2021.6
Filología_e_Idiomas:_Inglés          ,      570.0775 ,   42 ,     2021.6
Lingüística                          ,      518.8647 ,   37 ,     2021.6
Español_Y_Filología_Clásica          ,      540.6508 ,   38 ,     2021.6
Psicología                           ,      601.8528 ,   55 ,     2021.6
Sociología                           ,      565.2935 ,   43 ,     2021.6
Trabajo_Social                       ,      539.0054 ,   38 ,     2021.6
Derecho                              ,      609.7379 ,   75 ,     2021.6
Ciencia_Política                     ,      564.9670 ,   75 ,     2021.6
Ingeniería_Agrícola                  ,      462.3432 ,   85 ,     2021.6
Ingeniería_Civil                     ,      567.6207 ,  120 ,     2021.6
Ingeniería_Eléctrica                 ,      552.7433 ,   55 ,     2021.6
Ingeniería_Mecánica                  ,      542.4425 ,   77 ,     2021.6
Ingeniería_Química                   ,      543.3777 ,  123 ,     2021.6
Ingeniería_de_Sistemas_y_Computación ,      626.2742 ,  104 ,     2021.6
Ingeniería_Electrónica               ,      573.4885 ,   58 ,     2021.6
Ingeniería_Industrial                ,      603.0334 ,   50 ,     2021.6
Ingeniería_Mecatrónica               ,      632.5352 ,   42 ,     2021.6
Terapia_Ocupacional                  ,      553.6421 ,   44 ,     2021.6
Medicina                             ,      717.0193 ,  123 ,     2021.6
Nutrición_Y_Dietética                ,      598.4453 ,   33 ,     2021.6
Enfermería                           ,      575.5677 ,   80 ,     2021.6
Odontología                          ,      557.5500 ,   60 ,     2021.6
Ingeniería_Agronómica                ,      488.8745 ,   88 ,     2021.6
Medicina_Veterinaria                 ,      589.1800 ,   53 ,     2021.6
Zootecnia                            ,      507.2087 ,   55 ,     2021.6
Estadística                          ,      611.9570 ,   45 ,     2022.1
Historia                             ,      562.7334 ,   55 ,     2022.1
Antropología                         ,      621.202  ,   32 ,     2022.1
Filosofía                            ,      580.9195 ,   44 ,     2022.1
Estudios_Literarios                  ,      604.0999 ,   40 ,     2022.1
Filología_e_Idiomas:_Alemán          ,      586.2757 ,   22 ,     2022.1
Filología_e_Idiomas:_Francés         ,      574.8264 ,   22 ,     2022.1
Filología_e_Idiomas:_Inglés          ,      610.8512 ,   44 ,     2022.1
Lingüística                          ,      508.2096 ,   32 ,     2022.1
Español_Y_Filología_Clásica          ,      490.0707 ,   35 ,     2022.1
Psicología                           ,      638.6076 ,   44 ,     2022.1
Sociología                           ,      574.5777 ,   44 ,     2022.1
Trabajo_Social                       ,      559.7353 ,   33 ,     2022.1
Derecho                              ,      649.3453 ,   77 ,     2022.1
Ciencia_Política                     ,      601.7071 ,   77 ,     2022.1
Ingeniería_Agrícola                  ,      484.1211 ,   80 ,     2022.1
Ingeniería_Civil                     ,      609.1454 ,  115 ,     2022.1
Ingeniería_Eléctrica                 ,      557.4286 ,   55 ,     2022.1
Ingeniería_Mecánica                  ,      621.3773 ,   77 ,     2022.1
Ingeniería_Química                   ,      610.9822 ,  125 ,     2022.1
Ingeniería_de_Sistemas_y_Computación ,      669.2277 ,   95 ,     2022.1
Ingeniería_Electrónica               ,      621.2935 ,   58 ,     2022.1
Ingeniería_Industrial                ,      648.0705 ,   42 ,     2022.1
Ingeniería_Mecatrónica               ,      665.7033 ,   45 ,     2022.1
Medicina                             ,      734.6606 ,  110 ,     2022.1
Nutrición_Y_Dietética                ,      606.8093 ,   36 ,     2022.1
Fonoaudiología                       ,      528.4182 ,   48 ,     2022.1
Terapia_Ocupacional                  ,      504.5307 ,   51 ,     2022.1
Enfermería                           ,      578.1927 ,   81 ,     2022.1
Odontología                          ,      603.6396 ,   33 ,     2022.1
Ingeniería_Agronómica                ,      497.297  ,   95 ,     2022.1
Medicina_Veterinaria                 ,      615.9419 ,   53 ,     2022.1
Zootecnia                            ,      487.0247 ,   55 ,     2022.1
Arquitectura                         ,      630.7338 ,   80 ,     2022.1
Diseño_Gráfico                       ,      649.5104 ,   30 ,     2022.1
Diseño_Industrial                    ,      579.8053 ,   54 ,     2022.1
Biología                             ,      648.4059 ,   44 ,     2022.1
Farmacia                             ,      647.8754 ,   42 ,     2022.1
Física                               ,      656.9106 ,   63 ,     2022.1
Geología                             ,      638.5366 ,   31 ,     2022.1
Matemáticas                          ,      653.4717 ,   33 ,     2022.1
Química                              ,      601.8141 ,   55 ,     2022.1
Ciencias_de_la_Computación           ,      632.4192 ,   32 ,     2022.1
Administración_de_Empresas           ,      590.8740 ,  110 ,     2022.1
Contaduría_Pública                   ,      553.3043 ,  111 ,     2022.1
Economía                             ,      623.0379 ,  110 ,     2022.1
Geografía                            ,      505.8238 ,   27 ,     2022.1
Arquitectura                         ,      599.1092 ,   85 ,     2022.6
Diseño_Gráfico                       ,      619.4844 ,   32 ,     2022.6
Diseño_Industrial                    ,      560.11   ,   57 ,     2022.6
Biología                             ,      620.1958 ,   45 ,     2022.6
Farmacia                             ,      620.654  ,   46 ,     2022.6
Física                               ,      611.3908 ,   68 ,     2022.6
Geología                             ,      601.2954 ,   34 ,     2022.6
Matemáticas                          ,      578.6083 ,   34 ,     2022.6
Química                              ,      570.9435 ,   57 ,     2022.6
Ciencias_de_la_Computación           ,      609.8612 ,   34 ,     2022.6
Administración_de_Empresas           ,      537.5114 ,  113 ,     2022.6
Contaduría_Pública                   ,      516.9809 ,  113 ,     2022.6
Economía                             ,      574.0008 ,  114 ,     2022.6
Geografía                            ,      520.0854 ,   28 ,     2022.6
Estadística                          ,      556.0997 ,   43 ,     2022.6
Antropología                         ,      587.2567 ,   34 ,     2022.6
Filosofía                            ,      538.4537 ,   46 ,     2022.6
Filología_e_Idiomas:_Alemán          ,      528.1689 ,   23 ,     2022.6
Filología_e_Idiomas:_Francés         ,      555.3317 ,   23 ,     2022.6
Filología_e_Idiomas:_Inglés          ,      574.4115 ,   45 ,     2022.6
Lingüística                          ,      508.4512 ,   34 ,     2022.6
Español_Y_Filología_Clásica          ,      531.4780 ,   34 ,     2022.6
Psicología                           ,      613.2317 ,   45 ,     2022.6
Sociología                           ,      552.0729 ,   45 ,     2022.6
Trabajo_Social                       ,      552.7194 ,   34 ,     2022.6
Derecho                              ,      607.8725 ,   79 ,     2022.6
Ciencia_Política                     ,      565.2321 ,   79 ,     2022.6
Ingeniería_Agrícola                  ,      452.6353 ,   86 ,     2022.6
Ingeniería_Civil                     ,      551.1659 ,  119 ,     2022.6
Ingeniería_Eléctrica                 ,      548.5766 ,   57 ,     2022.6
Ingeniería_Mecánica                  ,      569.9727 ,   79 ,     2022.6
Ingeniería_Química                   ,      528.2467 ,  130 ,     2022.6
Ingeniería_de_Sistemas_y_Computación ,      631.8037 ,  102 ,     2022.6
Ingeniería_Electrónica               ,      585.1539 ,   62 ,     2022.6
Ingeniería_Industrial                ,      610.0324 ,   45 ,     2022.6
Ingeniería_Mecatrónica               ,      611.2210 ,   45 ,     2022.6
Medicina                             ,      702.4599 ,  110 ,     2022.6
Nutrición_Y_Dietética                ,      597.6823 ,   34 ,     2022.6
Terapia_Ocupacional                  ,      577.5398 ,   45 ,     2022.6
Enfermería                           ,      566.9814 ,   80 ,     2022.6
Odontología                          ,      574.4456 ,   34 ,     2022.6
Ingeniería_Agronómica                ,      457.6353 ,   90 ,     2022.6
Medicina_Veterinaria                 ,      592.1892 ,   51 ,     2022.6
Zootecnia                            ,      483.2332 ,   57 ,     2022.6
Biología                             ,      690.1503 ,   44 ,     2023.1
Estadística                          ,      635.9726 ,   42 ,     2023.1
Economía                             ,      652.4598 ,  107 ,     2023.1
Farmacia                             ,      669.4191 ,   48 ,     2023.1
Física                               ,      706.2618 ,   65 ,     2023.1
Geología                             ,      634.9157 ,   33 ,     2023.1
Matemáticas                          ,      670.5723 ,   33 ,     2023.1
Química                              ,      623.0717 ,   54 ,     2023.1
Ciencias_de_la_Computación           ,      745.8241 ,   32 ,     2023.1
Administración_de_Empresas           ,      592.7347 ,  107 ,     2023.1
Geografía                            ,      549.7317 ,   24 ,     2023.1
Historia                             ,      598.8505 ,   51 ,     2023.1
Antropología                         ,      633.5089 ,   32 ,     2023.1
Filosofía                            ,      615.5421 ,   42 ,     2023.1
Estudios_Literarios                  ,      613.8628 ,   39 ,     2023.1
Filología_e_Idiomas:_Alemán          ,      607.5028 ,   20 ,     2023.1
Filología_e_Idiomas:_Francés         ,      590.9333 ,   22 ,     2023.1
Filología_e_Idiomas:_Inglés          ,      627.4448 ,   41 ,     2023.1
Lingüística                          ,      528.1879 ,   36 ,     2023.1
Español_Y_Filología_Clásica          ,      553.1982 ,   32 ,     2023.1
Psicología                           ,      689.4340 ,   42 ,     2023.1
Sociología                           ,      610.3281 ,   37 ,     2023.1
Trabajo_Social                       ,      586.3535 ,   30 ,     2023.1
Derecho                              ,      663.9563 ,   80 ,     2023.1
Ciencia_Política                     ,      623.8279 ,   75 ,     2023.1
Ingeniería_Agrícola                  ,      531.9034 ,   81 ,     2023.1
Ingeniería_Civil                     ,      627.2663 ,  112 ,     2023.1
Ingeniería_Eléctrica                 ,      619.4595 ,   55 ,     2023.1
Ingeniería_Mecánica                  ,      662.2817 ,   76 ,     2023.1
Ingeniería_Química                   ,      637.0858 ,  122 ,     2023.1
Ingeniería_de_Sistemas_y_Computación ,      739.5392 ,   99 ,     2023.1
Ingeniería_Eletrónica                ,      655.6939 ,   60 ,     2023.1
Ingeniería_Industrial                ,      680.2697 ,   47 ,     2023.1
Ingeniería_Mecatrónica               ,      739.0765 ,   41 ,     2023.1
Medicina                             ,      752.1372 ,  106 ,     2023.1
Nutrición_Y_Dietética                ,      637.1352 ,   31 ,     2023.1
Fonoaudiología                       ,      570.0096 ,   32 ,     2023.1
Terapia_Ocupacional                  ,      556.7892 ,   44 ,     2023.1
Enfermería                           ,      615.8967 ,   84 ,     2023.1
Odontología                          ,      609.0857 ,   56 ,     2023.1
Ingeniería_Agronómica                ,      553.3086 ,   82 ,     2023.1
Medicina_Veterinaria                 ,      635.0496 ,   45 ,     2023.1
Zootecnia                            ,      559.8072 ,   48 ,     2023.1
Arquitectura                         ,      640.6309 ,   79 ,     2023.6
Diseño_Gráfico                       ,      667.6904 ,   33 ,     2023.6
Diseño_Industrial                    ,      599.6502 ,   47 ,     2023.6
Biología                             ,      632.7677 ,   44 ,     2023.6
Estadística                          ,      605.9286 ,   41 ,     2023.6
Economía                             ,      608.4727 ,  110 ,     2023.6
Farmacia                             ,      638.4415 ,   54 ,     2023.6
Física                               ,      652.0689 ,   64 ,     2023.6
Geología                             ,      621.4346 ,   30 ,     2023.6
Matemáticas                          ,      624.5791 ,   33 ,     2023.6
Química                              ,      571.7972 ,   63 ,     2023.6
Ciencias_de_la_Computación           ,      691.3934 ,   32 ,     2023.6
Administración_de_Empresas           ,      561.4088 ,  107 ,     2023.6
Geografía                            ,      565.1158 ,   24 ,     2023.6
Antropología                         ,      620.5853 ,   30 ,     2023.6
Filosofía                            ,      567.0175 ,   45 ,     2023.6
Filología_e_Idiomas:_Alemán          ,      585.6156 ,   21 ,     2023.6
Filología_e_Idiomas:_Francés         ,      580.1999 ,   22 ,     2023.6
Filología_e_Idiomas:_Inglés          ,      594.7467 ,   31 ,     2023.6
Lingüística                          ,      554.8722 ,   32 ,     2023.6
Español_Y_Filología_Clásica          ,      557.6619 ,   31 ,     2023.6
Psicología                           ,      667.5665 ,   41 ,     2023.6
Sociología                           ,      574.3266 ,   33 ,     2023.6
Trabajo_Social                       ,      549.7599 ,   33 ,     2023.6
Derecho                              ,      626.4389 ,   74 ,     2023.6
Ciencia_Política                     ,      585.2755 ,   78 ,     2023.6
Ingeniería_Agrícola                  ,      531.6813 ,   80 ,     2023.6
Ingeniería_Civil                     ,      584.3687 ,  117 ,     2023.6
Ingeniería_Eléctrica                 ,      599.2324 ,   51 ,     2023.6
Ingeniería_Mecánica                  ,      603.2942 ,   76 ,     2023.6
Ingeniería_Química                   ,      574.5617 ,  132 ,     2023.6
Ingeniería_de_Sistemas_y_Computación ,      693.5828 ,   97 ,     2023.6
Ingeniería_Eletrónica                ,      649.1092 ,   57 ,     2023.6
Ingeniería_Industrial                ,      619.0857 ,   57 ,     2023.6
Ingeniería_Mecatrónica               ,      688.5785 ,   42 ,     2023.6
Medicina                             ,      732.7625 ,  104 ,     2023.6
Nutrición_Y_Dietética                ,      601.1909 ,   33 ,     2023.6
Terapia_Ocupacional                  ,      593.1136 ,   43 ,     2023.6
Enfermería                           ,      605.9894 ,   93 ,     2023.6
Odontología                          ,      588.0631 ,   51 ,     2023.6
Ingeniería_Agronómica                ,      534.6452 ,   84 ,     2023.6
Medicina_Veterinaria                 ,      612.8241 ,   44 ,     2023.6
Zootecnia                            ,      548.7722 ,   50 ,     2023.6